"section","module_order","module_name","module_intro","module_video"
"Co-Planning","1","Overview","","https://vimeo.com/76979871"
"Co-Planning","2","Enabling Conditions","",""
"Co-Planning","3","Getting Started","",""
"Co-Planning","4","Detailed Practice in Action","",""
"Co-Planning","5","Measurement & Progress Monitoring","",""
"Co-Planning","6","Common Pitfalls & Barriers","",""
"Co-Planning","7","Learning More","",""
"Leading Implementation","1","Core Content","",""
"Leading Implementation","2","Coaching & Team Tools","",""
"Leading Implementation","3","Field Resources","",""
"Leading Implementation","4","Stories","",""
"R2I Library","1","Collaboration","",""
"R2I Library","1","Data for MTSS","",""
"R2I Library","1","Emotional Support","",""
"R2I Library","1","Postsecondary","",""
"R2I Library","1","Secondary Literacy","",""
"Repeated Reading","1","Overview","",""
"Repeated Reading","2","Infrastructure & Enabling Conditions","",""
"Repeated Reading","3","Getting Started","",""
"Repeated Reading","4","Detailed Practice in Action","",""
"Repeated Reading","5","Measurement & Progress Monitoring","",""
"Repeated Reading","6","Common Pitfalls & Barriers","",""
"Repeated Reading","7","Learning More","",""
"Routine Data Cycles","1","Overview","",""
"Routine Data Cycles","2","Infrastructure & Enabling Conditions","",""
"Routine Data Cycles","3","Getting Started","",""
"Routine Data Cycles","4","Detailed Practice in Action","",""
"Routine Data Cycles","5","Measurement & Progress Monitoring","",""
"Routine Data Cycles","6","Common Pitfalls & Barriers","",""
"Routine Data Cycles","7","Learning More","",""
"Stories & Spotlights","1","Partner Spotlights","",""
"Stories & Spotlights","2","School Case Studies","",""
"Stories & Spotlights","3","From the Field","",""
"Evidence & Impact","1","White Papers","",""
"Evidence & Impact","2","External Evaluation","",""
"Evidence & Impact","3","Annual Reports","",""
"Evidence & Impact","4","Equity-Gap Roadmap","",""
"Site Assets","1","Home & Impact","",""